{
  "AI": {
    "dem": [
      1956.595451,
      2661.808623,
      1068.304886,
      525.9057136,
      2089.721225,
      739.613815,
      384.7688308
    ],
    "obs": [
      2759.826892,
      2296.360701,
      827.7360089,
      1059.351294,
      2270.442409,
      581.9834734,
      474.0691289
    ],
    "dem_norm": [
      0.6902938743469887,
      1.0,
      0.3001862582908972,
      0.06198261588728684,
      0.748758278199755,
      0.1558360927268472,
      0.0
    ],
    "obs_norm": [
      1.0,
      0.7972373982571819,
      0.1547263168956051,
      0.25605607669739516,
      0.7858983611910456,
      0.04721162768956056,
      0.0
    ],
    "color": "#e15759"
  },
  "RSP": {
    "dem": [
      1765.10205,
      2039.278575,
      1539.160283,
      352.1500083,
      1845.614204,
      923.8951041,
      625.7825327
    ],
    "obs": [
      2715.834539,
      1809.166134,
      2910.768246,
      917.729759,
      2755.727948,
      968.865857,
      1422.562727
    ],
    "dem_norm": [
      0.8374892522054288,
      1.0,
      0.7035683575803446,
      0.0,
      0.8852106621733015,
      0.3388865004629288,
      0.16218830609644733
    ],
    "obs_norm": [
      0.9021927031156222,
      0.44727504301325616,
      1.0,
      0.0,
      0.9222090797486944,
      0.025657356008700123,
      0.2532981531931651
    ],
    "color": "#e15759"
  },
  "VISC": {
    "dem": [
      1161.759565,
      1915.333337,
      572.2450832,
      171.1240441,
      977.2909857,
      284.9450826,
      373.6469953
    ],
    "obs": [
      2684.606563,
      2013.454922,
      363.4423505,
      259.0409842,
      1116.23115,
      432.5199463,
      147.5748637
    ],
    "dem_norm": [
      0.5679567956279635,
      1.0,
      0.229972997353476,
      0.0,
      0.4621962197321119,
      0.06525652567230396,
      0.11611161116065168
    ],
    "obs_norm": [
      1.0,
      0.735457920693234,
      0.08508663366703721,
      0.04393564358330839,
      0.38180693074007116,
      0.112314356449949,
      0.0
    ],
    "color": "#e15759"
  },
  "AON": {
    "dem": [
      2613.067762,
      1745.792898,
      3107.767237,
      2450.623342,
      4051.030422,
      1272.804371,
      340.396661
    ],
    "obs": [
      2872.436061,
      2367.268806,
      2019.893626,
      3002.701753,
      4849.68318,
      813.3851876,
      1511.624808
    ],
    "dem_norm": [
      0.6124751854754658,
      0.37874830218254996,
      0.7457945877294572,
      0.5686971059173738,
      1.0,
      0.25127990797688426,
      0.0
    ],
    "obs_norm": [
      0.5101335127577336,
      0.3849774276641191,
      0.2989146095436341,
      0.5424070694290396,
      1.0,
      0.0,
      0.1729901067053832
    ],
    "color": "#76b7b2"
  },
  "CLA": {
    "dem": [
      4798.411379,
      4178.461588,
      3161.743932,
      1236.799832,
      4404.743262,
      1912.545104,
      964.0219243
    ],
    "obs": [
      4841.807864,
      3567.811044,
      3471.718827,
      2479.799162,
      5294.371211,
      1069.413389,
      2613.088367
    ],
    "dem_norm": [
      1.0,
      0.8383185124192074,
      0.5731608731100968,
      0.07113985444687748,
      0.897332255460524,
      0.24737267586038983,
      0.0
    ],
    "obs_norm": [
      0.8928833455701184,
      0.5913426264258692,
      0.568598679373988,
      0.3338224504055179,
      1.0,
      0.0,
      0.36537050617685435
    ],
    "color": "#59a14f"
  },
  "EP": {
    "dem": [
      3980.921646,
      4329.842102,
      1968.730901,
      1077.804114,
      2240.66535,
      918.2444034,
      659.3479083
    ],
    "obs": [
      4372.060236,
      3623.309221,
      2439.959774,
      1637.815237,
      2995.624913,
      1050.486498,
      877.2679797
    ],
    "dem_norm": [
      0.9049391069467203,
      1.0,
      0.3567320702883585,
      0.11400541279107163,
      0.43081867406687585,
      0.07053450610121315,
      0.0
    ],
    "obs_norm": [
      1.0,
      0.7857523537628768,
      0.4471486943130777,
      0.21762302349416476,
      0.6061467400476453,
      0.04956475395289722,
      0.0
    ],
    "color": "#59a14f"
  },
  "BLA": {
    "dem": [
      2184.508736,
      2644.405312,
      1054.254439,
      907.1265091,
      1675.894303,
      1246.202798,
      391.6915754
    ],
    "obs": [
      1549.227873,
      1893.175948,
      1153.638869,
      1281.279656,
      1286.151441,
      975.3315098,
      733.6909359
    ],
    "dem_norm": [
      0.7958477508579864,
      1.0,
      0.29411764701182147,
      0.22880622838387862,
      0.570069204415753,
      0.3793252594489463,
      0.0
    ],
    "obs_norm": [
      0.7033613445532524,
      1.0,
      0.3621848740756139,
      0.47226890764912544,
      0.47647058766150996,
      0.20840336130119785,
      0.0
    ],
    "color": "#59a14f"
  },
  "IA": {
    "dem": [
      3515.185921,
      4032.926483,
      2334.374113,
      908.3167755,
      2488.787965,
      1262.560318,
      408.742549
    ],
    "obs": [
      3079.193869,
      3215.441385,
      1798.467215,
      1471.473176,
      3042.861198,
      953.7326142,
      753.9029236
    ],
    "dem_norm": [
      0.857142857142857,
      1.0,
      0.531328320821368,
      0.13784461153124242,
      0.5739348371605026,
      0.23558897245528157,
      0.0
    ],
    "obs_norm": [
      0.9446494466218865,
      1.0,
      0.42435424340511996,
      0.2915129150538976,
      0.9298892990273062,
      0.08118081181081639,
      0.0
    ],
    "color": "#9c755f"
  },
  "MEA": {
    "dem": [
      2974.697765,
      3730.789776,
      1430.320045,
      654.9118147,
      1679.591255,
      983.2875419,
      408.4000642
    ],
    "obs": [
      2391.531907,
      2328.98415,
      1742.139013,
      1039.39656,
      1932.541745,
      766.2100303,
      689.8649733
    ],
    "dem_norm": [
      0.7724252491167373,
      1.0,
      0.3075858250976661,
      0.07419712071238183,
      0.3826135104756557,
      0.1730343299758589,
      0.0
    ],
    "obs_norm": [
      1.0,
      0.9632432435741113,
      0.6183783787888503,
      0.2054054055925033,
      0.7302702703389787,
      0.04486486484990338,
      0.0
    ],
    "color": "#9c755f"
  },
  "SCs": {
    "dem": [
      2892.105392,
      3234.670437,
      1960.32847,
      509.5655044,
      2719.110045,
      1998.867037,
      1109.910746
    ],
    "obs": [
      4042.267531,
      6526.72052,
      2182.995749,
      1283.762506,
      3348.573315,
      1824.158865,
      1513.281086
    ],
    "dem_norm": [
      0.8742928975314129,
      1.0,
      0.5323695789636397,
      0.0,
      0.8108108110508213,
      0.5465116277849417,
      0.22030169716335127
    ],
    "obs_norm": [
      0.5261352499169565,
      1.0,
      0.17151257755618565,
      0.0,
      0.39382554723620566,
      0.10307089195774743,
      0.04377654358229235
    ],
    "color": "#ff9da7"
  }
}